;P_EL;P_OTHER;Q_EL;Q_OTHER;lP_E;lP_O;lQ_E;lQ_O;hdd_extr;lhdd_x;Ls74;I74;Ls06;I06;I75;I1986;I1978;I:1968;I:1974;I:1967;S1:1973;S1:1974;S1:1977;I:1981;PE_b;PO_b;PEO_TX;lPE_b;lPO_b;lPEO_TX;I2000;Ls86;Ls00;tr67;Dlh;Ls78;I1975;Ls09;I2009;Ls80;I1980;Tr80;I1994;Ls94;DLs74;DLs78;Dlhdd_x;Ls73;Ls79;DLs73;DLs79;VlQ_E;VlQ_O;VlP_E;VlP_O;pdif;dumm1986;Ls73c;Ls79c;dumm1986c;Ls09c;DlP_O;e_pr_cap;Le_pr_cap;LP_Ea;DLP_Ea;DlP_E;DLe_pr_cap;lPet
1966;3.71084E-05;6.82986E-05;129.7247222;284.7665721;-10.20166712;-9.591620646;4.865414684;5.651669799;3583.7058;8.184152684;0;0;0;0;0;0;0;0;0;0;1;1;1;0;1.807792208;0.87106136;0.137647479;0.592106326;-0.138042857;-1.983059359;0;0;0;0;#N/A;0;0;0;0;0;0;0;0;0;#N/A;#N/A;#N/A;0;0;#N/A;#N/A;#N/A;#N/A;#N/A;#N/A;0.610046477;0;-0.862745098;-0.745098039;-0.607843137;-0.156862745;#N/A;3067.427832;8.02859465;#N/A;#N/A;#N/A;#N/A;#N/A
1967;3.23298E-05;7.56271E-05;141.155893;283.185665;-10.33952171;-9.489696515;4.949864904;5.646102743;3589.981434;8.18590231;0;0;0;0;0;0;0;0;0;1;1;1;1;0;1.791348601;0.891220707;0.120848708;0.582968744;-0.115163176;-2.113215859;0;0;0;1;0.001749626;0;0;0;0;0;0;0;0;0;0;0;0.001749626;0;0;0;0;#N/A;#N/A;#N/A;#N/A;0.849825194;0;-0.862745098;-0.745098039;-0.607843137;-0.156862745;0.101924131;3061.110107;8.026532909;#N/A;#N/A;-0.137854586;-0.00206174;#N/A
1968;5.58503E-05;7.55963E-05;82.33808259;306.046493;-9.792836027;-9.490103046;4.41083373;5.723737028;3738.654961;8.22648119;0;0;0;0;0;0;0;1;0;0;1;1;1;0;1.906565657;0.893122953;0.105459387;0.645303538;-0.113031022;-2.249429353;0;0;0;-1;0.04057888;0;0;0;0;0;0;0;0;0;0;0;0.04057888;0;0;0;0;#N/A;#N/A;#N/A;#N/A;0.302732981;0;-0.862745098;-0.745098039;-0.607843137;-0.156862745;-0.000406531;3203.752279;8.072077989;0.144752805;#N/A;0.546685682;0.04554508;-3.272844278
1969;6.19388E-05;6.45669E-05;68.89128584;318.6490254;-9.689363526;-9.647808272;4.232529695;5.764090263;3985.07708;8.290311934;0;0;0;0;0;0;0;0;0;0;1;1;1;0;2.051679587;0.882675123;0.100363071;0.718658768;-0.124798071;-2.298960963;0;0;0;0;0.063830744;0;0;0;0;0;0;0;0;0;0;0;0.063830744;0;0;0;0;-0.089627598;0.018683405;0.134455754;-0.071311636;0.041555255;0;-0.862745098;-0.745098039;-0.607843137;-0.156862745;-0.157705226;3699.530444;8.215961184;0.043738745;-0.10101406;0.103472501;0.143883195;-3.454653879
1970;4.90144E-05;6.59813E-05;74.16610412;334.8925542;-9.923396515;-9.626139915;4.306307228;5.813809747;3948.57;8.281108767;0;0;0;0;0;0;0;0;0;0;1;1;1;0;1.88;0.915526758;0.087584848;0.631271777;-0.088255688;-2.435147266;0;0;0;0;-0.009203167;0;0;0;0;0;0;0;0;0;0;0;-0.009203167;0;0;0;0;0.054106913;0.055299378;-0.123389449;-0.038718386;0.297256601;0;-0.862745098;-0.745098039;-0.607843137;-0.156862745;0.021668357;3971.430728;8.286881694;-0.241539131;-0.285277876;-0.234032989;0.07092051;-3.474027803
1971;6.27995E-05;7.41629E-05;67.89847612;327.2122327;-9.675563558;-9.509247168;4.218013591;5.79060899;3479.57;8.154664002;0;0;0;0;0;0;0;0;0;0;1;1;1;0;2.561170213;0.887998474;0.066939647;0.940464268;-0.118785255;-2.703963849;0;0;0;0;-0.126444765;0;0;0;0;0;0;0;0;0;0;0;-0.126444765;0;0;0;0;-0.039454402;0.001825082;0.126211192;0.165882309;0.16631639;0;-0.862745098;-0.745098039;-0.607843137;-0.156862745;0.116892747;3728.538022;8.223771485;0.071742007;0.313281138;0.247832958;-0.063110209;-3.331480373
1972;5.60277E-05;6.07074E-05;66.96499155;317.2971137;-9.789664204;-9.709445777;4.204169969;5.759838602;3663.57;8.206193361;0;0;0;0;0;0;0;0;0;0;1;1;1;0;2.816568047;0.870299958;0.066640379;1.035519139;-0.138917348;-2.708444601;0;0;0;0;0.051529359;0;0;0;0;0;0;0;0;0;0;0;0.051529359;0;0;0;0;0.001217258;-0.023641133;-0.055895805;-0.174683034;0.080218427;0;-0.862745098;-0.745098039;-0.607843137;-0.156862745;-0.20019861;3858.592122;8.258057661;-0.143516387;-0.215258395;-0.114100646;0.034286176;-3.463671712
1973;5.2605E-05;6.56272E-05;71.31843647;301.9576987;-9.852698487;-9.631520206;4.26715487;5.710286937;3579.57;8.18299796;0;0;0;0;0;0;0;0;0;0;1;1;1;0;3.210826211;0.866022099;0.057138206;1.166528291;-0.143844852;-2.862282278;0;0;0;0;-0.0231954;0;0;0;0;0;0;0;0;0;0;0;-0.0231954;1;0;1;0;0.073757828;-0.052166732;-0.081381692;0.118830747;0.221178282;0;0.137254902;-0.745098039;-0.607843137;-0.156862745;0.077925572;3781.757201;8.237944049;-0.182569291;-0.039052904;-0.063034283;-0.020113612;-3.389908503
1974;6.85508E-05;0.000136464;67.93216604;289.6542556;-9.587935645;-8.899451036;4.218509649;5.66868799;3400.59;8.131704225;1;1;0;0;0;0;0;0;1;0;0;1;1;0;5.018518519;0.904608396;0.023187576;1.613134774;-0.10025314;-3.764138659;0;0;0;0;-0.051293735;0;0;0;0;0;0;0;0;0;1;0;-0.051293735;1;0;0;0;0;-2.66454E-15;1.77636E-15;-1.77636E-15;0.688484609;0;0.137254902;-0.745098039;-0.607843137;-0.156862745;0.73206917;3489.606459;8.157544246;0.088518653;0.271087944;0.264762842;-0.080399802;-2.799117189
1975;8.9787E-05;0.000118904;71.03977385;277.8287457;-9.318070426;-9.037192856;4.263239915;5.627004901;3375.19;8.124206898;1;0;0;0;1;0;0;0;0;0;0;0;1;0;5.884615385;0.844695812;0.030814815;1.772341383;-0.168778703;-3.479759704;0;0;0;0;-0.007497327;0;1;0;0;0;0;0;0;0;0;0;-0.007497327;1;0;0;0;-0.044304068;-0.013604653;0.182425762;-0.009104348;0.28087757;0;0.137254902;-0.745098039;-0.607843137;-0.156862745;-0.13774182;3453.207222;8.147058708;0.251372589;0.162853936;0.269865219;-0.010485539;-2.847740316
1976;7.68179E-05;0.000116649;73.27090754;286.3970579;-9.474073504;-9.056342604;4.294163634;5.657379162;3799.94;8.242740556;1;0;0;0;0;0;0;0;0;0;0;0;1;0;5.2125;0.865083072;0.031033814;1.651059587;-0.14492974;-3.472677897;0;0;0;0;0.118533658;0;0;0;0;0;0;0;0;0;0;0;0.118533658;1;0;0;0;-0.013692442;0.00316948;-0.065563327;-0.00376954;0.4177309;0;0.137254902;-0.745098039;-0.607843137;-0.156862745;-0.019149748;3745.561839;8.228326908;-0.013405927;-0.264778516;-0.156003078;0.081268201;-2.871604523
1977;7.2505E-05;0.000112666;78.26276658;291.6147439;-9.53185445;-9.091084969;4.360071967;5.675433561;3663.99;8.206307997;1;0;0;0;0;0;0;0;0;0;0;0;1;0;4.058122206;0.871645712;0.040280946;1.400720356;-0.137372231;-3.211876724;0;0;0;0;-0.03643256;0;0;0;0;0;0;0;0;0;0;0;-0.03643256;1;0;0;0;0.05799651;0.010435173;-0.116862435;0.012873888;0.440769481;0;0.137254902;-0.745098039;-0.607843137;-0.156862745;-0.034742365;3830.10381;8.250647186;-0.032717661;-0.019311733;-0.057780946;0.022320278;-2.86625656
1978;7.18805E-05;0.000100049;94.17085051;286.6185865;-9.540505118;-9.209855353;4.545110691;5.658152365;3756.24;8.231173736;1;0;0;0;0;0;1;0;0;0;0;0;0;0;3.612114772;0.842698067;0.056799662;1.28429341;-0.17114655;-2.868224904;0;0;0;0;0.02486574;1;0;0;0;0;0;0;0;0;0;1;0.02486574;1;0;0;0;0;0;1.77636E-15;-3.55271E-15;0.330649764;0;0.137254902;-0.745098039;-0.607843137;-0.156862745;-0.118770385;3894.637761;8.267355953;-0.036859577;-0.004141916;-0.008650668;0.016708767;-2.887910764
1979;8.04003E-05;0.000131155;88.99995988;283.2099401;-9.428493069;-8.939132377;4.488635919;5.64618846;4028.1;8.30105008;1;0;0;0;0;0;0;0;0;0;0;0;0;0;3.310606061;0.875735627;0.051035312;1.197131273;-0.132691029;-2.975237488;0;0;0;0;0.069876344;1;0;0;0;0;0;0;0;0;0;0;0.069876344;1;1;0;1;-0.003299479;0.033560227;-0.024235893;-0.014647086;0.489360692;0;0.137254902;0.254901961;-0.607843137;-0.156862745;0.270722976;4020.036542;8.299046272;0.062674351;0.099533928;0.112012049;0.031690319;-2.717209281
1980;9.66368E-05;0.000177831;79.19041958;267.1265949;-9.244551098;-8.634676054;4.371855327;5.587722684;3825.95;8.249562081;1;0;0;0;0;0;0;0;0;0;0;0;0;0;3.668220668;0.890406587;0.039453113;1.299706713;-0.116077081;-3.232642324;0;0;0;0;-0.051487998;1;0;0;0;1;1;1;0;0;0;0;-0.051487998;1;1;0;0;-0.073107823;0.017615084;0.103154057;0.061211393;0.609875044;0;0.137254902;0.254901961;-0.607843137;-0.156862745;0.304456324;3735.144086;8.225541674;0.192418873;0.129744521;0.183941971;-0.073504598;-2.451309617
1981;9.34422E-05;0.000196013;90.8305426;272.6347255;-9.278167473;-8.537327524;4.508995601;5.608132897;3805.25;8.244136971;1;0;0;0;0;0;0;0;0;0;0;0;0;1;4.313578395;0.888182877;0.032643566;1.461767814;-0.118577615;-3.422107516;0;0;0;0;-0.00542511;1;0;0;0;1;0;-1;0;0;0;0;-0.00542511;1;1;0;0;0;-1.77636E-15;0;-1.77636E-15;0.740839949;0;0.137254902;0.254901961;-0.607843137;-0.156862745;0.09734853;3381.43445;8.126055292;0.079735161;-0.112683712;-0.033616375;-0.099486382;-2.232099669
1982;0.000106545;0.00020147;81.04045744;247.9716967;-9.146941127;-8.50986838;4.394948505;5.513314613;3612.22;8.192077821;1;0;0;0;0;0;0;0;0;0;0;0;0;0;4.935007386;0.874036597;0.031018052;1.596354169;-0.134633031;-3.473185926;0;0;0;0;-0.05205915;1;0;0;0;1;0;0;0;0;0;0;-0.05205915;1;1;0;0;-0.003152172;-0.017359008;0.097076472;-0.072152623;0.637072746;0;0.137254902;0.254901961;-0.607843137;-0.156862745;0.027459144;3422.374805;8.138089977;0.20711532;0.127380159;0.131226346;0.012034685;-2.265221809
1983;9.37567E-05;0.00020065;80.7993977;225.5637079;-9.274807137;-8.513950584;4.391969511;5.418602638;3495.54;8.159243149;1;0;0;0;0;0;0;0;0;0;0;0;0;0;4.198653199;0.884523752;0.034843614;1.434763807;-0.122705913;-3.356885391;0;0;0;0;-0.032834672;1;0;0;0;1;0;0;0;0;0;0;-0.032834672;1;1;0;0;0.045060394;-0.029302727;-0.031720716;-0.060254974;0.760856553;0;0.137254902;0.254901961;-0.607843137;-0.156862745;-0.004082204;3233.1601;8.081215297;0.018408485;-0.188706835;-0.127866011;-0.056874679;-2.353674674
1984;7.91243E-05;0.000206624;79.01140313;219.2312714;-9.444490328;-8.48460978;4.369592185;5.390127206;3600.9;8.188939093;1;0;0;0;0;0;0;0;0;0;0;0;0;0;3.738756614;0.90767207;0.032612212;1.3187531;-0.096872122;-3.42306845;0;0;0;0;0.029695944;1;0;0;0;1;0;0;0;0;0;0;0.029695944;1;1;0;0;0.035304095;0.00766597;-0.129283126;0.119457706;0.959880548;0;0.137254902;0.254901961;-0.607843137;-0.156862745;0.029340805;3353.461203;8.117748286;-0.122533929;-0.140942414;-0.16968319;0.036532989;-2.390736535
1985;8.76345E-05;0.000200799;70.87066756;217.3254456;-9.342336162;-8.513205996;4.260856632;5.381395979;4079.64;8.313764028;1;0;0;0;0;0;0;0;0;0;0;0;0;0;4.086493679;0.902273062;0.030691007;1.407687311;-0.102838075;-3.483785595;0;0;0;0;0.124824935;1;0;0;0;1;0;0;0;0;0;0;0.124824935;1;1;0;0;-0.049136073;0.014090539;0.051011098;0.154611495;0.829130166;0;0.137254902;0.254901961;-0.607843137;-0.156862745;-0.028596216;3774.101134;8.235917523;0.02281937;0.145353299;0.102154165;0.118169237;-2.456114032
1986;8.90768E-05;0.000118538;67.26180697;221.4653114;-9.326012036;-9.04028013;4.208592571;5.400265969;3939.33;8.278765937;1;0;0;0;0;1;0;0;0;0;0;0;0;0;2.158144631;0.889880539;0.086826917;0.769248885;-0.116668051;-2.443838602;0;1;0;0;-0.034998091;1;0;0;0;1;0;0;0;0;0;0;-0.034998091;1;1;0;0;8.88178E-16;-1.77636E-15;0;-1.77636E-15;0.285731907;1;0.137254902;0.254901961;0.392156863;-0.156862745;-0.527074134;3823.501807;8.248921985;-0.011645575;-0.034464945;0.016324126;0.013004462;-2.704593529
1987;7.65882E-05;0.000106491;70.67263993;215.0225597;-9.477066999;-9.147450412;4.25805851;5.370742951;4080.54;8.313984612;1;0;0;0;0;0;0;0;0;0;0;0;0;0;1.620431115;0.919964536;0.114260218;0.482692234;-0.083420157;-2.16927682;0;1;0;0;0.035218675;1;0;0;0;1;0;0;0;0;0;0;0.035218675;1;1;0;0;0.010968452;-0.018326594;-0.115779951;-0.163836778;0.329616588;1;0.137254902;0.254901961;0.392156863;-0.156862745;-0.107170282;3819.832129;8.247961755;-0.183813734;-0.172168159;-0.151054963;-0.00096023;-2.747174123
1988;7.90593E-05;9.09116E-05;71.62703291;216.0312948;-9.445312215;-9.30562348;4.271472557;5.375423281;3366.66;8.121676434;1;0;0;0;0;0;0;0;0;0;0;0;0;0;1.885808581;0.882301351;0.117287296;0.634356684;-0.125221614;-2.143128834;0;1;0;0;-0.192308178;1;0;0;0;1;0;0;0;0;0;0;-0.192308178;1;1;0;0;0.015760087;0.024327378;-0.080604422;-0.123424203;0.139688735;1;0.137254902;0.254901961;0.392156863;-0.156862745;-0.158173069;3642.119646;8.200321111;-0.115300555;0.068513178;0.031754784;-0.047640644;-2.840753171
1989;9.31065E-05;0.000100513;70.15464046;213.6765699;-9.281766537;-9.205227884;4.250701955;5.364463516;3163.28;8.059364743;1;0;0;0;0;0;0;0;0;0;0;0;0;0;2.582602596;0.841249736;0.091164903;0.948797648;-0.172866712;-2.395085296;0;1;0;0;-0.062311691;1;0;0;0;1;0;0;0;0;0;0;-0.062311691;1;1;0;0;0.003770171;-0.022533622;0.042391005;0.140407292;0.076538652;1;0.137254902;0.254901961;0.392156863;-0.156862745;0.100395596;3414.211605;8.135701883;0.021796752;0.137097307;0.163545678;-0.064619228;-2.770468425
1990;8.82824E-05;9.84054E-05;70.9083939;218.9544262;-9.33497034;-9.226415241;4.261388817;5.388863609;3095.48;8.037698262;1;0;0;0;0;0;0;0;0;0;0;0;0;0;2.691962617;0.848947035;0.081959679;0.990270525;-0.16375848;-2.501527873;0;1;0;0;-0.021666481;1;0;0;0;1;0;0;0;0;0;0;-0.021666481;1;1;0;0;0.045048925;0.0058818;-0.085249807;0.019302667;0.108555099;1;0.137254902;0.254901961;0.392156863;-0.156862745;-0.021187357;3376.783307;8.124678851;-0.103422337;-0.125219088;-0.053203803;-0.011023032;-2.766981055
1991;9.47892E-05;9.39488E-05;68.18848445;240.4485635;-9.263855305;-9.272760688;4.222275701;5.482506193;3514.22;8.164572874;1;0;0;0;0;0;0;0;0;0;0;0;0;0;2.333937746;0.86084928;0.09446189;0.847556861;-0.149835843;-2.359558808;0;1;0;0;0.126874612;1;0;0;0;1;0;0;0;0;0;0;0.126874612;1;1;0;0;0.022505895;0.055110874;-0.007630047;-0.002089087;-0.008905383;1;0.137254902;0.254901961;0.392156863;-0.156862745;-0.046345447;3734.818398;8.225454475;-0.029381104;0.074041232;0.071115035;0.100775624;-2.857474505
1992;9.42843E-05;9.29137E-05;68.25539977;223.1477481;-9.269196286;-9.283839287;4.223256548;5.4078341;3146.92;8.054179476;1;0;0;0;0;0;0;0;0;0;0;0;0;0;1.580125523;0.898917362;0.148387297;0.457504289;-0.106564171;-1.907929551;0;1;0;0;-0.110393398;1;0;0;0;1;0;0;0;0;0;0;-0.110393398;1;1;0;0;0.055228768;-0.066809629;-0.107390223;-0.091013709;-0.014643001;1;0.137254902;0.254901961;0.392156863;-0.156862745;-0.011078599;3561.890369;8.178046685;-0.074779326;-0.045398222;-0.005340981;-0.047407789;-2.869312267
1993;9.9893E-05;8.95015E-05;63.43972499;237.9823457;-9.211410935;-9.321255121;4.150090242;5.472196493;3604.03;8.189807943;1;0;0;0;0;0;0;0;0;0;0;0;0;0;1.21965999;0.95025729;0.184640726;0.198572123;-0.0510225;-1.689343364;0;1;0;0;0.135628467;1;0;0;0;1;0;0;0;0;0;0;0.135628467;1;1;0;0;-0.002124695;0.019313226;-0.012941389;-0.034271476;-0.109844186;1;0.137254902;0.254901961;0.392156863;-0.156862745;-0.037415834;3645.515346;8.201253019;-0.030616426;0.044162901;0.057785351;0.023206333;-2.895120727
1994;9.909E-05;9.0938E-05;62.02200089;219.1677651;-9.219482405;-9.305333017;4.127489175;5.389837487;3429.72;8.140233904;1;0;0;0;0;0;0;0;0;0;0;0;0;0;1.243974422;0.94339192;0.18832793;0.218311433;-0.058273473;-1.669570529;0;1;0;0;-0.049574039;1;0;0;0;1;0;0;1;1;0;0;-0.049574039;1;1;0;0;0;-8.88178E-16;0;1.77636E-15;-0.085850612;1;0.137254902;0.254901961;0.392156863;-0.156862745;0.015922104;3760.577237;8.232327745;-0.074136378;-0.043519952;-0.008071471;0.031074726;-2.949644556
1995;0.000106294;8.74904E-05;59.15530001;220.6801426;-9.149301829;-9.343981547;4.080166189;5.396714335;3552.34;8.17536182;1;0;0;0;0;0;0;0;0;0;0;0;0;0;1.176817007;0.952639274;0.211264186;0.162813342;-0.048518964;-1.55464586;0;1;0;0;0.035127916;1;0;0;0;1;0;0;0;1;0;0;0.035127916;1;1;0;0;-0.008382104;-0.027655409;0.020667085;-0.049706922;-0.194679718;1;0.137254902;0.254901961;0.392156863;-0.156862745;-0.03864853;3706.440187;8.217827177;-0.016634181;0.057502197;0.070180576;-0.014500568;-2.957582157
1996;9.9168E-05;0.000107637;62.90398551;223.8674496;-9.218694916;-9.13674387;4.141609524;5.411054134;4046.26;8.305548277;1;0;0;0;0;0;0;0;0;0;0;0;0;0;0.983499569;1.004029833;0.196287434;-0.016638079;0.004021735;-1.628175195;0;1;0;0;0.130186456;1;0;0;0;1;0;0;0;1;0;0;0.130186456;1;1;0;0;0.086780781;-0.033943196;-0.063472774;0.134486314;0.081951046;1;0.137254902;0.254901961;0.392156863;-0.156862745;0.207237677;4170.252024;8.33573175;-0.125761419;-0.109127237;-0.069393087;0.117904574;-2.951739049
1997;0.000106355;0.000104518;57.14342554;221.4327124;-9.148732687;-9.166151893;4.045564345;5.400118762;3501.2;8.160861046;1;0;0;0;0;0;0;0;0;0;0;0;0;0;0.949200376;1.013108785;0.20511831;-0.052135358;0.013023608;-1.584168346;0;1;0;0;-0.144687231;1;0;0;0;1;0;0;0;1;0;0;-0.144687231;1;1;0;0;-0.004620183;-0.020223245;-0.043457479;-0.010191915;-0.017419206;1;0.137254902;0.254901961;0.392156863;-0.156862745;-0.029408023;3848.155844;8.255349311;-0.047275521;0.078485897;0.069962229;-0.080382439;-2.899545808
1998;0.00012473;8.59688E-05;53.43109253;233.1299321;-8.989361379;-9.361525873;3.978392834;5.451595947;3481.75;8.15529032;1;0;0;0;0;0;0;0;0;0;0;0;0;0;0.684581734;1.142161597;0.310681497;-0.378947235;0.132922604;-1.168987018;0;1;0;0;-0.005570726;1;0;0;0;1;0;0;0;1;0;0;-0.005570726;1;1;0;0;-0.023008116;0.029842807;0.104399144;-0.168979827;-0.372164494;1;0.137254902;0.254901961;0.392156863;-0.156862745;-0.19537398;3772.110277;8.235389879;0.07243713;0.119712651;0.159371308;-0.019959432;-2.868027585
1999;0.000132998;9.37782E-05;49.956352;222.0283656;-8.925177042;-9.274577743;3.911149664;5.402805147;3207.92;8.073378031;1;0;0;0;0;0;0;0;0;0;0;0;0;0;0.622725077;1.178871411;0.321626522;-0.473650147;0.16455755;-1.134364277;0;1;0;0;-0.081912289;1;0;0;0;1;0;0;0;1;0;0;-0.081912289;1;1;0;0;-0.056003989;-0.060785832;0.078615611;-0.036323034;-0.349400702;1;0.137254902;0.254901961;0.392156863;-0.156862745;0.08694813;3602.670638;8.189430693;0.066049477;-0.006387652;0.064184338;-0.045959186;-2.83127945
2000;0.000124293;0.000129931;47.4909045;222.1665599;-8.992866358;-8.94850951;3.860538209;5.40342737;3117.16;8.04467761;1;0;0;0;0;0;0;0;0;0;0;0;0;0;0.579467681;1.123462303;0.226955006;-0.545645389;0.116415259;-1.483003493;1;1;1;0;-0.028700421;1;0;0;0;1;0;0;0;1;0;0;-0.028700421;1;1;0;0;-0.065085113;-0.01849561;0.001533799;0.269584796;0.044356848;1;0.137254902;0.254901961;0.392156863;-0.156862745;0.326068234;3489.614796;8.157546635;-0.039300781;-0.105350258;-0.067689316;-0.031884058;-2.658410634
2001;0.000138652;0.00012683;46.20894803;214.9267011;-8.883541414;-8.972665853;3.83317346;5.370297045;3483.28;8.155729658;1;0;0;0;0;0;0;0;0;0;0;0;0;0;0.677665706;1.099921831;0.236637968;-0.389101172;0.095239115;-1.441223868;0;1;1;0;0.111052048;1;0;0;0;1;0;0;0;1;0;0;0.111052048;1;1;0;0;-0.042657711;-0.043498264;0.139678002;0.048642689;-0.089124439;1;0.137254902;0.254901961;0.392156863;-0.156862745;-0.024156343;3583.955723;8.18422242;0.07795875;0.117259531;0.109324944;0.026675784;-2.659540365
2002;0.000143429;0.000112653;46.16363932;218.189469;-8.849673894;-9.091199052;3.832192461;5.385363809;3177.5;8.063850003;1;0;0;0;0;0;0;0;0;0;0;0;0;0;0.658592449;1.123732864;0.266011853;-0.417650375;0.116656058;-1.324214411;0;1;1;0;-0.091879655;1;0;0;0;1;0;0;0;1;0;0;-0.091879655;1;1;0;0;-0.021372888;0.016946956;0.118138114;-0.076513748;-0.241525158;1;0.137254902;0.254901961;0.392156863;-0.156862745;-0.118533199;3535.098014;8.170496305;0.058557891;-0.019400859;0.03386752;-0.013726115;-2.682253951
2003;0.000145212;0.000105742;48.44832314;239.5473671;-8.837313579;-9.154507629;3.880497728;5.478751172;3318.53;8.107277193;1;0;0;0;0;0;0;0;0;0;0;0;0;0;0.667302255;1.121261503;0.267119799;-0.404512179;0.114454393;-1.320058036;0;1;1;0;0.04342719;1;0;0;0;1;0;0;0;1;0;0;0.04342719;1;1;0;0;0.042893474;0.068771449;0.102871389;-0.051483199;-0.31719405;1;0.137254902;0.254901961;0.392156863;-0.156862745;-0.063308577;3727.834179;8.223582695;0.043739353;-0.014818538;0.012360315;0.05308639;-2.693861574
2004;0.000152211;0.000112581;44.36350588;239.7429662;-8.790239593;-9.09183753;3.792417192;5.479567375;3307.41;8.103920685;1;0;0;0;0;0;0;0;0;0;0;0;0;0;0.646357024;1.11812215;0.250383387;-0.436403259;0.111650626;-1.384761989;0;1;1;0;-0.003356508;1;0;0;0;1;0;0;0;1;0;0;-0.003356508;1;1;0;0;-0.040066007;-0.014324325;0.07140854;-0.010751469;-0.301597937;1;0.137254902;0.254901961;0.392156863;-0.156862745;0.062670099;3597.17296;8.187903527;0.071070637;0.027331284;0.047073986;-0.035679168;-2.658180719
2005;0.000150205;0.000126105;41.66009308;260.9945968;-8.803512244;-8.978396291;3.72954367;5.564499705;3262.73;8.090319547;1;0;0;0;0;0;0;0;0;0;0;0;0;0;0.718324887;1.061277781;0.178676961;-0.330833324;0.059473636;-1.72217579;0;1;1;0;-0.013601138;1;0;0;0;1;0;0;0;1;0;0;-0.013601138;1;1;0;0;-0.053842604;0.083075582;0.041349279;0.044314684;-0.174884047;1;0.137254902;0.254901961;0.392156863;-0.156862745;0.113441239;3487.631914;8.15697825;0.026052977;-0.045017661;-0.013272651;-0.030925277;-2.564604701
2006;0.000143;0.000130943;43.90525841;289.5258665;-8.852668662;-8.940749715;3.782034094;5.668244642;3088.39;8.035405199;1;0;1;1;0;0;0;0;0;0;0;0;0;0;0.910279848;1.013611102;0.131722995;-0.094003201;0.013519303;-2.027054087;0;1;1;0;-0.054914349;1;0;0;0;1;0;0;0;1;0;0;-0.054914349;1;1;0;0;0;-2.66454E-15;0;3.55271E-15;-0.088081054;1;0.137254902;0.254901961;0.392156863;-0.156862745;0.037646575;3728.171039;8.223673054;-0.033983504;-0.060036481;-0.049156418;0.066694804;-2.538821525
2007;0.000149546;0.000130355;41.37871746;285.5535567;-8.807908605;-8.945246562;3.722766678;5.654429601;3009.52;8.009535877;1;0;1;0;0;0;0;0;0;0;0;0;0;0;0.776120338;1.037504069;0.143482796;-0.253447695;0.036817895;-1.941540136;0;1;1;0;-0.025869322;1;0;0;0;1;0;0;0;1;0;0;-0.025869322;1;1;0;0;-0.004070006;0.033190283;-0.073758211;-0.093767084;-0.137337956;1;0.137254902;0.254901961;0.392156863;-0.156862745;-0.004496846;3622.596833;8.194946405;0.01230336;0.046286864;0.044760057;-0.028726649;-2.497449071
2008;0.000151375;0.000163424;41.01580818;271.9520715;-8.795751157;-8.719163981;3.713957558;5.605625843;3043.96;8.020914578;1;0;1;0;0;0;0;0;0;0;0;0;0;0;0.951902321;1.005564053;0.103687538;-0.049292854;0.005548631;-2.26637334;0;1;1;0;0.011378702;1;0;0;0;1;0;0;0;1;0;0;0.011378702;1;1;0;0;0.023798655;-0.006544703;-0.073547177;0.13948553;0.076587176;1;0.137254902;0.254901961;0.392156863;-0.156862745;0.226082581;3501.513847;8.160950682;-0.006484157;-0.018787517;0.012157448;-0.033995723;-2.406657021
2009;0.000153458;0.000124465;41.39398043;266.8644493;-8.782084091;-8.991484336;3.72313547;5.586740849;3235.75;8.082016019;1;0;1;0;0;0;0;0;0;0;0;0;0;0;0.878326737;1.02147339;0.150009725;-0.129736617;0.021246085;-1.897055154;0;1;1;0;0.061101441;1;0;1;1;1;0;0;0;1;0;0;0.061101441;1;1;0;0;0.06182289;0.01677028;-0.05775789;-0.252454272;-0.209400245;1;0.137254902;0.254901961;0.392156863;0.843137255;-0.272320355;3329.211067;8.110490638;-0.012489652;-0.006005495;0.013667065;-0.050460044;-2.510649826
2010;0.000165839;0.000146378;39.00012337;260.8815045;-8.704496061;-8.829320737;3.66356481;5.564066298;3978.3;8.288609871;1;0;1;0;0;0;0;0;0;0;0;0;0;0;0.839720384;1.025708536;0.138226743;-0.174686318;0.025383629;-1.978859877;0;1;1;0;0.206593852;1;0;1;0;1;0;0;0;1;0;0;0.206593852;1;1;0;0;0.006234481;-0.035959484;0.037609134;0.085751696;-0.124824676;1;0.137254902;0.254901961;0.392156863;0.843137255;0.162163599;3510.79685;8.163598313;0.044903865;0.057393517;0.07758803;0.053107675;-2.419600785
2011;0.000184556;0.00016378;36.91499465;262.062109;-8.597558467;-8.716986845;3.608617828;5.568581533;3150.67;8.055370408;1;0;1;0;0;0;0;0;0;0;0;0;0;0;0.862386927;1.019597902;0.124659886;-0.148051237;0.019408336;-2.08216616;0;1;1;0;-0.233239464;1;0;1;0;1;0;0;0;1;0;0;-0.233239464;1;1;0;0;-0.010604059;0.053952987;0.076448905;0.056908095;-0.119428378;1;0.137254902;0.254901961;0.392156863;0.843137255;0.112333892;3230.188031;8.080295628;#N/A;#N/A;0.106937595;-0.083302685;-2.297424736
2012;0.000178122;0.000183715;35.33427222;246.6556959;-8.633039672;-8.60212754;3.564853377;5.50799342;3413.39;8.135461211;1;0;1;0;0;0;0;0;0;0;0;0;0;0;0.814551065;1.023530209;0.112595968;-0.205118158;0.023257641;-2.183949371;0;1;1;0;0.080090804;1;0;1;0;1;0;0;0;1;0;0;0.080090804;1;1;0;0;-0.008761395;-0.040104429;0.010008374;0.098585018;0.030912132;1;0.137254902;0.254901961;0.392156863;0.843137255;0.114859305;3091.58158;8.036438077;#N/A;#N/A;-0.035481205;-0.043857551;-2.25373023
2013;0.000160111;0.000179836;35.76963065;229.5363004;-8.739646275;-8.623464414;3.577099227;5.436061188;3397.94;8.130924645;1;0;1;0;0;0;0;0;0;0;0;0;0;0;0.833983185;1.022816331;0.120827996;-0.181542039;0.022559931;-2.113387262;0;1;1;0;-0.004536567;1;0;1;0;1;0;0;0;1;0;0;-0.004536567;1;1;0;0;0.035537185;-0.044223688;-0.071530722;0.050938602;0.11618186;1;0.137254902;0.254901961;0.392156863;0.843137255;-0.021336874;3125.33776;8.04729764;#N/A;#N/A;-0.106606603;0.010859562;#N/A
2014;0.000156;0.00015898;35.35834036;218.1703964;-8.765655263;-8.746733585;3.565534301;5.385276392;2850.87;7.95537949;1;0;1;0;0;0;0;0;0;0;0;0;0;0;0.829835795;1.026646811;0.135392882;-0.186527435;0.026297968;-1.999574488;0;1;1;0;-0.175545155;1;0;1;0;1;0;0;0;1;0;0;-0.175545155;1;1;0;0;0.029561832;-0.020900841;-0.080276634;0.083330831;0.018921678;1;0.137254902;0.254901961;0.392156863;0.843137255;-0.12326917;2872.573547;7.962963613;#N/A;#N/A;-0.026008988;-0.084334026;#N/A
2015;0.000160203;0.000110164;32.48167611;228.4171395;-8.739068161;-9.113538004;3.480676118;5.431173517;3113.48;8.043496351;1;0;1;0;0;0;0;0;0;0;0;0;0;0;0.933692646;1.012900644;0.162870475;-0.068607968;0.01281814;-1.814800025;0;1;1;0;0.088116861;1;0;1;0;1;0;0;0;1;0;0;0.088116861;1;1;0;0;-0.039188032;0.022218137;-0.019648202;-0.102032785;-0.374469843;1;0.137254902;0.254901961;0.392156863;0.843137255;-0.36680442;2816.614565;7.943290934;#N/A;#N/A;0.026587101;-0.019672679;#N/A
2016;0.000163333;9.19424E-05;32.37966298;237.5201573;-8.719719221;-9.294348131;3.47753054;5.470252493;3136.44;8.050843678;1;0;1;0;0;0;0;0;0;0;0;0;0;0;0.881434628;1.028854972;0.195732631;-0.12620444;0.028446506;-1.631005679;0;1;1;0;0.007347327;1;0;1;0;1;0;0;0;1;0;0;0.007347327;1;1;0;0;-0.011793633;0.018657027;-0.018075345;-0.093124616;-0.57462891;1;0.137254902;0.254901961;0.392156863;0.843137255;-0.180810127;#N/A;#N/A;#N/A;#N/A;0.01934894;#N/A;#N/A
